{
    "name": "root",
    "metadata": {
        "timer_format_version": "0.1.0",
        "start_time_seconds": "1685901458",
        "python_version": "3.8.16 (default, Mar  2 2023, 03:18:16) [MSC v.1916 64 bit (AMD64)]",
        "command_line_arguments": "C:\\Users\\user\\anaconda3\\envs\\ml-agents\\Scripts\\mlagents-learn config/Martial.yaml --run-id=Martial1",
        "mlagents_version": "0.30.0",
        "mlagents_envs_version": "0.30.0",
        "communication_protocol_version": "1.5.0",
        "pytorch_version": "1.7.1+cu110",
        "numpy_version": "1.21.2",
        "end_time_seconds": "1685901488"
    },
    "total": 30.1200512,
    "count": 1,
    "self": 10.006402999999999,
    "children": {
        "run_training.setup": {
            "total": 0.06879150000000056,
            "count": 1,
            "self": 0.06879150000000056
        },
        "TrainerController.start_learning": {
            "total": 20.0448567,
            "count": 1,
            "self": 0.006277499999960412,
            "children": {
                "TrainerController._reset_env": {
                    "total": 8.9159926,
                    "count": 1,
                    "self": 8.525622699999998,
                    "children": {
                        "demo_to_buffer": {
                            "total": 0.3903699000000014,
                            "count": 2,
                            "self": 8.67000000024376e-05,
                            "children": {
                                "load_demonstration": {
                                    "total": 0.007434299999999894,
                                    "count": 2,
                                    "self": 0.007301299999999955,
                                    "children": {
                                        "read_file": {
                                            "total": 0.00013299999999993872,
                                            "count": 2,
                                            "self": 0.00013299999999993872
                                        }
                                    }
                                },
                                "make_demo_buffer": {
                                    "total": 0.38284889999999905,
                                    "count": 2,
                                    "self": 0.047266499999988554,
                                    "children": {
                                        "steps_from_proto": {
                                            "total": 0.3355824000000105,
                                            "count": 2004,
                                            "self": 0.18340989999997426,
                                            "children": {
                                                "_process_rank_one_or_two_observation": {
                                                    "total": 0.15217250000003624,
                                                    "count": 12024,
                                                    "self": 0.15217250000003624
                                                }
                                            }
                                        }
                                    }
                                }
                            }
                        }
                    }
                },
                "TrainerController.advance": {
                    "total": 10.785893100000045,
                    "count": 303,
                    "self": 0.0052802000000262694,
                    "children": {
                        "env_step": {
                            "total": 5.801436800000056,
                            "count": 303,
                            "self": 4.74214390000008,
                            "children": {
                                "SubprocessEnvManager._take_step": {
                                    "total": 1.0555997999999835,
                                    "count": 303,
                                    "self": 0.016672499999954127,
                                    "children": {
                                        "TorchPolicy.evaluate": {
                                            "total": 1.0389273000000294,
                                            "count": 301,
                                            "self": 1.0389273000000294
                                        }
                                    }
                                },
                                "workers": {
                                    "total": 0.003693099999992455,
                                    "count": 302,
                                    "self": 0.0,
                                    "children": {
                                        "worker_root": {
                                            "total": 9.610483599999997,
                                            "count": 302,
                                            "is_parallel": true,
                                            "self": 6.838068800000022,
                                            "children": {
                                                "steps_from_proto": {
                                                    "total": 0.0019519999999992876,
                                                    "count": 1,
                                                    "is_parallel": true,
                                                    "self": 0.00022180000000204814,
                                                    "children": {
                                                        "_process_rank_one_or_two_observation": {
                                                            "total": 0.0017301999999972395,
                                                            "count": 6,
                                                            "is_parallel": true,
                                                            "self": 0.0017301999999972395
                                                        }
                                                    }
                                                },
                                                "UnityEnvironment.step": {
                                                    "total": 2.770462799999976,
                                                    "count": 302,
                                                    "is_parallel": true,
                                                    "self": 0.045746400000032494,
                                                    "children": {
                                                        "UnityEnvironment._generate_step_input": {
                                                            "total": 0.059776399999966756,
                                                            "count": 302,
                                                            "is_parallel": true,
                                                            "self": 0.059776399999966756
                                                        },
                                                        "communicator.exchange": {
                                                            "total": 2.5211079999999875,
                                                            "count": 302,
                                                            "is_parallel": true,
                                                            "self": 2.5211079999999875
                                                        },
                                                        "steps_from_proto": {
                                                            "total": 0.14383199999998908,
                                                            "count": 302,
                                                            "is_parallel": true,