{"count":1,"self":87.310335999999992,"total":271.0234751,"children":{"InitializeActuators":{"count":10,"self":0.0009966,"total":0.0009966,"children":null},"InitializeSensors":{"count":10,"self":0.0010084999999999998,"total":0.0010084999999999998,"children":null},"AgentSendState":{"count":34367,"self":0.1564971,"total":1.6777052,"children":{"CollectObservations":{"count":68740,"self":0.74413889999999994,"total":0.74413889999999994,"children":null},"WriteActionMask":{"count":68740,"self":0.0128243,"total":0.0128243,"children":null},"RequestDecision":{"count":68740,"self":0.1289412,"total":0.7642449,"children":{"AgentInfo.ToProto":{"count":68740,"self":0.0991046,"total":0.6353037,"children":{"GenerateSensorData":{"count":68740,"self":0.53619909999999993,"total":0.53619909999999993,"children":null}}}}}}},"DecideAction":{"count":34367,"self":181.5792512,"total":181.5792553,"children":null},"AgentAct":{"count":34367,"self":0.42944679999999996,"total":0.42944679999999996,"children":{"AgentInfo.ToProto":{"count":3,"self":0,"total":0,"children":{"GenerateSensorData":{"count":3,"self":0,"total":0,"children":null}}}}},"AgentInfo.ToProto":{"count":1143,"self":0.0073269999999999993,"total":0.024729499999999998,"children":{"GenerateSensorData":{"count":1143,"self":0.017402499999999998,"total":0.017402499999999998,"children":null}}}},"gauges":{"Evasion.CumulativeReward":{"count":1146,"max":9.998,"min":-5.9039917,"runningAverage":-1.6596123,"value":-1.27200007,"weightedAverage":-2.1070478}},"metadata":{"timer_format_version":"0.1.0","start_time_seconds":"1681127105","unity_version":"2021.3.20f1","command_line_arguments":"C:\\Program Files\\Unity\\Hub\\Editor\\2021.3.20f1\\Editor\\Unity.exe -projectpath C:\\Users\\user\\Documents\\Unity\\MyDisciple -useHub -hubIPC -cloudEnvironment production","communication_protocol_version":"1.5.0","com.unity.ml-agents_version":"2.3.0-exp.3","scene_name":"Title","end_time_seconds":"1681127376"}}